"0","import=read.table(""1.txt"",header = TRUE)"
"0","##标准化x"
"0","x<-import[,1:4]"
"0","xm=colMeans(x)"
"0","xms=0"
"0","c=9*cov(x)"
"0","xc<-x-matrix(rep(1,10),nrow = 10)%*%t(xm)"
"0","xs<-matrix(rep(0,40),ncol=4)"
"0","for(i in 1:4)"
"0","  xs[,i]<-xc[,i]/sqrt(c[i,i])"
"0","##标准化y"
"0","y=import[,5]"
"0","yc=y-mean(y)"
"0","syy<-crossprod(yc)"
"0","s<-1/sqrt(syy)"
"0","ys<-yc%*%s"
"0",""
"0",""
"0",""
"0","##制作表"
"0","p=4"
"0","m=20"
"0","beta=matrix(rep(0,p*m),ncol=m)"
"0","RSS=0"
"0","Tab=matrix(rep(0,(p+2)*m),nrow=m)"
"0",""
"0","dimnames(Tab)=list(seq(1,by=1,length=20))"
"0","paste(c(""k"",""bs1"",""bs2"",""bs3"",""bs4"",""RSS""))"
"1","[1]"
"1"," ""k""  "
"1"," ""bs1"""
"1"," ""bs2"""
"1"," ""bs3"""
"1"," ""bs4"""
"1"," ""RSS"""
"1","
"
"0","R<-cor(x)"
"0","##前10次增量0.001，后10次增量0.01"
"0","for(k in 1:10){"
"0","  beta[,k]=solve(R+(k-1)/1000*diag(p))%*%t(xs)%*%ys"
"0","  RSS[k]=syy*sum((ys-xs%*%beta[,k])^2)"
"0","  Tab[k,]=c((k-1)/1000,beta[,k],RSS[k])"
"0","  "
"0","}"
"0","for(k in 11:20){"
"0","  beta[,k]=solve(R+(k-10)/100*diag(p))%*%t(xs)%*%ys"
"0","  RSS[k]=syy*sum((ys-xs%*%beta[,k])^2)"
"0","  Tab[k,]=c((k-10)/100,beta[,k],RSS[k])"
"0","  "
"0","}"
"0","##打印表"
"0","print(Tab)"
"1","  "
"1","  [,1]"
"1","      [,2]"
"1","        [,3]"
"1","       [,4]"
"1","      [,5]"
"1","      [,6]"
"1","
1 "
"1"," 0.000"
"1"," 0.7551089"
"1"," -0.43274402"
"1"," 0.05382048"
"1"," 0.6211565"
"1"," 0.2074997"
"1","
2 "
"1"," 0.001"
"1"," 0.7294314"
"1"," -0.38024571"
"1"," 0.06783556"
"1"," 0.5802822"
"1"," 0.2179332"
"1","
3 "
"1"," 0.002"
"1"," 0.7039725"
"1"," -0.33676706"
"1"," 0.08152467"
"1"," 0.5485170"
"1"," 0.2434571"
"1","
4 "
"1"," 0.003"
"1"," 0.6800553"
"1"," -0.29974692"
"1"," 0.09418829"
"1"," 0.5226747"
"1"," 0.2780750"
"1","
5 "
"1"," 0.004"
"1"," 0.6580139"
"1"," -0.26765220"
"1"," 0.10567701"
"1"," 0.5010387"
"1"," 0.3180349"
"1","
6 "
"1"," 0.005"
"1"," 0.6378402"
"1"," -0.23946111"
"1"," 0.11602626"
"1"," 0.4825617"
"1"," 0.3609174"
"1","
7 "
"1"," 0.006"
"1"," 0.6194066"
"1"," -0.21444552"
"1"," 0.12533215"
"1"," 0.4665492"
"1"," 0.4051394"
"1","
8 "
"1"," 0.007"
"1"," 0.6025505"
"1"," -0.19206283"
"1"," 0.13370515"
"1"," 0.4525127"
"1"," 0.4496600"
"1","
9 "
"1"," 0.008"
"1"," 0.5871073"
"1"," -0.17189570"
"1"," 0.14125250"
"1"," 0.4400935"
"1"," 0.4937959"
"1","
10"
"1"," 0.009"
"1"," 0.5729242"
"1"," -0.15361546"
"1"," 0.14807187"
"1"," 0.4290198"
"1"," 0.5371041"
"1","
11"
"1"," 0.010"
"1"," 0.5598632"
"1"," -0.13695834"
"1"," 0.15424973"
"1"," 0.4190803"
"1"," 0.5793037"
"1","
12"
"1"," 0.020"
"1"," 0.4703791"
"1"," -0.02608332"
"1"," 0.19332432"
"1"," 0.3566707"
"1"," 0.9269565"
"1","
13"
"1"," 0.030"
"1"," 0.4207804"
"1","  0.03366461"
"1"," 0.21168447"
"1"," 0.3259550"
"1"," 1.1638440"
"1","
14"
"1"," 0.040"
"1"," 0.3891196"
"1","  0.07122927"
"1"," 0.22163936"
"1"," 0.3077849"
"1"," 1.3331628"
"1","
15"
"1"," 0.050"
"1"," 0.3670398"
"1","  0.09705666"
"1"," 0.22752587"
"1"," 0.2957919"
"1"," 1.4614722"
"1","
16"
"1"," 0.060"
"1"," 0.3506836"
"1","  0.11588753"
"1"," 0.23119815"
"1"," 0.2872635"
"1"," 1.5637372"
"1","
17"
"1"," 0.070"
"1"," 0.3380239"
"1","  0.13019858"
"1"," 0.23356081"
"1"," 0.2808586"
"1"," 1.6487702"
"1","
18"
"1"," 0.080"
"1"," 0.3278923"
"1","  0.14141492"
"1"," 0.23509922"
"1"," 0.2758422"
"1"," 1.7220417"
"1","
19"
"1"," 0.090"
"1"," 0.3195672"
"1","  0.15041676"
"1"," 0.23609323"
"1"," 0.2717801"
"1"," 1.7871106"
"1","
20"
"1"," 0.100"
"1"," 0.3125789"
"1","  0.15777804"
"1"," 0.23671357"
"1"," 0.2684001"
"1"," 1.8463845"
"1","
"
"0","##使用ggplot画图"
"0","library(ggplot2)"
"0","data=data.frame(Tab[,1:5])"
"0","colnames(data)<-NULL"
"0","dimnames(data)=list(seq(1,20,1),paste(c(""k"",""bs1"",""bs2"",""bs3"",""bs4"")))"
"0",""
"0",""
"0","ggplot(data,aes(x=k))+geom_smooth(aes(y=bs1),lty=2,col=""red"",se=FALSE)+"
"0","  geom_smooth(aes(y=bs2),lty=2,col=""blue"",se=FALSE)+"
"0","  geom_smooth(aes(y=bs3),lty=4,col=""yellow"",se=FALSE)+"
"0","  geom_smooth(aes(y=bs4),lty=1,col=""black"",se=FALSE)"
